{
	"format_version": "1.8.0",
	"animations": {
		"idle": {
			"loop": true,
			"animation_length": 2,
			"bones": {
				"Head": {
					"rotation": {
						"0.0": {
							"vector": [7.5, 0, 0]
						},
						"1.25": {
							"vector": [10.40474, -2.06474, 2.92415]
						},
						"2.0": {
							"vector": [7.5, 0, 0]
						}
					}
				},
				"RightArm": {
					"rotation": {
						"0.0": {
							"vector": [0, 0, 12.5]
						},
						"1.0": {
							"vector": [0, 0, 7.75]
						},
						"2.0": {
							"vector": [0, 0, 12.5]
						}
					}
				},
				"bone2": {
					"rotation": {
						"0.0": {
							"vector": [-7.29504, 1.74611, -11.61132]
						},
						"1.25": {
							"vector": [-7.49654, -0.22839, -26.73504]
						},
						"2.0": {
							"vector": [-7.29504, 1.74611, -11.61132]
						}
					}
				},
				"LeftArm": {
					"rotation": {
						"0.0": {
							"vector": [7.5, 0, -15]
						},
						"1.0": {
							"vector": [5.08791, -1.55508, -5.59972]
						},
						"2.0": {
							"vector": [7.5, 0, -15]
						}
					}
				},
				"bone3": {
					"rotation": {
						"0.0": {
							"vector": [-7.39288, -1.2666, 10.33183]
						},
						"1.1667": {
							"vector": [-14.35034, 1.55868, 20.71577]
						},
						"2.0": {
							"vector": [-7.39288, -1.2666, 10.33183]
						}
					}
				},
				"Top": {
					"rotation": {
						"0.0": {
							"vector": [-3, 0, 0]
						},
						"1.0": {
							"vector": [-0.99923, -0.03926, -2.24966]
						},
						"2.0": {
							"vector": [-3, 0, 0]
						}
					}
				}
			}
		},
		"walk": {
			"loop": true,
			"animation_length": 2,
			"bones": {
				"full_body": {
					"rotation": {
						"0.0": {
							"vector": [0, 0, 0]
						},
						"0.5": {
							"vector": [-9.53861, -1.31199, -6.46378]
						},
						"1.0": {
							"vector": [0, 0, 0]
						},
						"1.5": {
							"vector": [-8, 0, 4]
						},
						"2.0": {
							"vector": [0, 0, 0]
						}
					},
					"position": {
						"0.0": {
							"vector": [0, 0, 0]
						},
						"0.5": {
							"vector": [0, 2.01, 0]
						},
						"1.0": {
							"vector": [0, 0, 0]
						},
						"1.5": {
							"vector": [0, 1.7, 0]
						},
						"2.0": {
							"vector": [0, 0, 0]
						}
					}
				},
				"RightArm": {
					"rotation": {
						"0.0": {
							"vector": [16.42499, 17.95192, 18.16584]
						},
						"0.5": {
							"vector": [-4.99254, 2.66346, 2.00659]
						},
						"1.0": {
							"vector": [-20.41836, -7.42045, 11.62132]
						},
						"2.0": {
							"vector": [16.42499, 17.95192, 18.16584]
						}
					}
				},
				"bone2": {
					"rotation": {
						"0.0": {
							"vector": [5.20496, 1.74611, -11.61132]
						},
						"1.0": {
							"vector": [-59.79504, 1.74611, -11.61132]
						},
						"2.0": {
							"vector": [5.20496, 1.74611, -11.61132]
						}
					}
				},
				"LeftArm": {
					"rotation": {
						"0.0": {
							"vector": [-22.52545, 20.9041, -16.56603]
						},
						"1.0": {
							"vector": [20.43491, -21.21716, -14.10484]
						},
						"1.5": {
							"vector": [1.23542, -2.99014, -7.17393]
						},
						"2.0": {
							"vector": [-22.52545, 20.9041, -16.56603]
						}
					}
				},
				"bone3": {
					"rotation": {
						"0.0": {
							"vector": [-62.39288, -1.2666, 10.33183]
						},
						"1.0": {
							"vector": [0.10712, -1.2666, 10.33183]
						},
						"2.0": {
							"vector": [-62.39288, -1.2666, 10.33183]
						}
					}
				},
				"RightLeg": {
					"rotation": {
						"0.0": {
							"vector": [-30, 0, 0]
						},
						"0.5": {
							"vector": [13.51593, -1.46622, 6.07624]
						},
						"1.0": {
							"vector": [47.5, 0, 0]
						},
						"2.0": {
							"vector": [-30, 0, 0]
						}
					},
					"position": {
						"0.0": {
							"vector": [0, 0, 0]
						},
						"0.5": {
							"vector": [3, 0, 2]
						},
						"1.0": {
							"vector": [0, 0, 0]
						},
						"1.5": {
							"vector": [2, 3.3, 2]
						},
						"2.0": {
							"vector": [1, 0, 0]
						}
					}
				},
				"LeftLeg": {
					"rotation": {
						"0.0": {
							"vector": [47.5, 0, 0]
						},
						"1.0": {
							"vector": [-27.5, 0, 0]
						},
						"1.5": {
							"vector": [5.89937, 1.26066, -4.79641]
						},
						"2.0": {
							"vector": [47.5, 0, 0]
						}
					},
					"position": {
						"0.0": {
							"vector": [-2, 0, 0]
						},
						"0.5": {
							"vector": [0, 0.8, 3]
						},
						"1.0": {
							"vector": [-1, 0, 0]
						}
					}
				},
				"Top": {
					"rotation": {
						"0.0": {
							"vector": [2, 0, 0]
						},
						"0.5": {
							"vector": [-5.28505, -1.36004, 2.95202]
						},
						"1.0": {
							"vector": [2, 0, 0]
						},
						"1.5": {
							"vector": [-5.28505, -1.36004, 2.95202]
						},
						"2.0": {
							"vector": [2, 0, 0]
						}
					}
				},
				"bone4": {
					"rotation": {
						"0.0": {
							"vector": [7.5, 0, 0]
						},
						"1.0": {
							"vector": [0, 0, 0]
						},
						"1.5": {
							"vector": [1.28, 0, 0]
						},
						"2.0": {
							"vector": [7.5, 0, 0]
						}
					}
				},
				"bone7": {
					"rotation": {
						"0.0": {
							"vector": [0, 0, 0]
						},
						"1.0": {
							"vector": [7, 0, 0]
						},
						"2.0": {
							"vector": [0, 0, 0]
						}
					}
				}
			}
		},
		"attack": {
			"animation_length": 2,
			"bones": {
				"RightArm": {
					"rotation": {
						"0.0": {
							"vector": [0, 0, 17.5]
						},
						"0.5": {
							"vector": [30, 0, 17.5]
						},
						"0.75": {
							"vector": [30, 0, 17.5]
						},
						"1.0": {
							"vector": [-54.89549, -20.88127, 3.43427]
						},
						"1.375": {
							"vector": [-50.6566, -32.05705, -6.0137]
						},
						"2.0": {
							"vector": [0, 0, 17.5]
						}
					},
					"position": {
						"0.0": {
							"vector": [0, 0, 0]
						},
						"0.5": {
							"vector": [0, 0, 0]
						},
						"0.75": {
							"vector": [0, 0, 0]
						},
						"1.0": {
							"vector": [0, -4.2, -7.4]
						},
						"1.375": {
							"vector": [0, -4.2, -7.4]
						},
						"2.0": {
							"vector": [0, 0, 0]
						}
					}
				},
				"bone2": {
					"rotation": {
						"0.0": {
							"vector": [-7.29504, 1.74611, -11.61132]
						},
						"0.5": {
							"vector": [-7.29504, 1.74611, -11.61132]
						},
						"0.75": {
							"vector": [-7.29504, 1.74611, -11.61132]
						},
						"1.0": {
							"vector": [-7.0743, -2.4972, -44.34562]
						},
						"1.375": {
							"vector": [-6.04111, -4.45292, -61.26491]
						},
						"2.0": {
							"vector": [-7.29504, 1.74611, -11.61132]
						}
					}
				},
				"LeftArm": {
					"rotation": {
						"0.0": {
							"vector": [7.5, 0, -17.5]
						},
						"0.5": {
							"vector": [-28.46913, 33.87692, -30.48189]
						},
						"0.75": {
							"vector": [-28.46913, 33.87692, -30.48189]
						},
						"1.0": {
							"vector": [30.5, 0, -17.5]
						},
						"1.375": {
							"vector": [30.5, 0, -17.5]
						},
						"1.6667": {
							"vector": [21.64687, -3.06159, -9.83546]
						},
						"2.0": {
							"vector": [7.5, 0, -17.5]
						}
					}
				},
				"bone3": {
					"rotation": {
						"0.0": {
							"vector": [-7.39288, -1.2666, 10.33183]
						},
						"0.5": {
							"vector": [-25.40849, -0.02757, 9.6237]
						},
						"0.75": {
							"vector": [-7.39288, -1.2666, 10.33183]
						},
						"1.0": {
							"vector": [-33.39288, -1.2666, 10.33183]
						},
						"1.375": {
							"vector": [-33.39288, -1.2666, 10.33183]
						},
						"1.8333": {
							"vector": [-7.39288, -1.2666, 10.33183]
						}
					}
				},
				"RightLeg": {
					"rotation": {
						"0.0": {
							"vector": [0, 0, 0]
						},
						"0.4167": {
							"vector": [0, 20, 0]
						},
						"0.7917": {
							"vector": [0, 20, 0]
						},
						"1.0": {
							"vector": [0, -14, 0]
						},
						"1.5": {
							"vector": [0, -14, 0]
						},
						"2.0": {
							"vector": [0, 0, 0]
						}
					},
					"position": {
						"0.0": {
							"vector": [0, 0, 0]
						},