{
	"format_version": "1.8.0",
	"animations": {
		"idle": {
			"loop": true,
			"animation_length": 2,
			"bones": {
				"full_body": {
					"position": {
						"0.0": {
							"vector": [0, 11, 0]
						},
						"1.0": {
							"vector": [0, 17, 0]
						},
						"2.0": {
							"vector": [0, 11, 0]
						}
					}
				},
				"body": {
					"rotation": {
						"0.0": {
							"vector": [5, 0, 0]
						},
						"1.25": {
							"vector": [-8, 0, 0]
						},
						"2.0": {
							"vector": [5, 0, 0]
						}
					}
				},
				"head": {
					"rotation": {
						"0.0": {
							"vector": [15, 0, 0]
						},
						"1.5": {
							"vector": [24, 0, 0]
						},
						"2.0": {
							"vector": [15, 0, 0]
						}
					}
				},
				"RightWing": {
					"rotation": {
						"0.0": {
							"vector": [0, -15, -15]
						},
						"0.25": {
							"vector": [19.62239, -46.52294, -44.52633]
						},
						"0.5": {
							"vector": [0, -15, -15]
						},
						"0.75": {
							"vector": [19.62239, -46.52294, -44.52633]
						},
						"1.0": {
							"vector": [0, -15, -15]
						},
						"1.25": {
							"vector": [19.62239, -46.52294, -44.52633]
						},
						"1.5": {
							"vector": [0, -15, -15]
						},
						"1.75": {
							"vector": [19.62239, -46.52294, -44.52633]
						},
						"2.0": {
							"vector": [0, -15, -15]
						}
					}
				},
				"LeftWing": {
					"rotation": {
						"0.0": {
							"vector": [0, 12.5, 17.5]
						},
						"0.25": {
							"vector": [17.36556, 32.62188, 47.6175]
						},
						"0.5": {
							"vector": [0, 12.5, 17.5]
						},
						"0.75": {
							"vector": [17.36556, 32.62188, 47.6175]
						},
						"1.0": {
							"vector": [0, 12.5, 17.5]
						},
						"1.25": {
							"vector": [17.36556, 32.62188, 47.6175]
						},
						"1.5": {
							"vector": [0, 12.5, 17.5]
						},
						"1.75": {
							"vector": [17.36556, 32.62188, 47.6175]
						},
						"2.0": {
							"vector": [0, 12.5, 17.5]
						}
					}
				},
				"bone6": {
					"rotation": {
						"0.0": {
							"vector": [-6.81623, -21.14259, 4.34011]
						},
						"1.0": {
							"vector": [-6.96412, -5.2052, 16.19261]
						},
						"2.0": {
							"vector": [-6.81623, -21.14259, 4.34011]
						}
					}
				},
				"bone7": {
					"rotation": {
						"0.0": {
							"vector": [0, 0, 4]
						},
						"1.25": {
							"vector": [0, 0, -8.5]
						},
						"2.0": {
							"vector": [0, 0, 4]
						}
					}
				},
				"bone4": {
					"rotation": {
						"0.0": {
							"vector": [-10.42457, 17.70738, -7.99138]
						},
						"1.0": {
							"vector": [3.45351, 0.93053, -15.26758]
						},
						"2.0": {
							"vector": [-10.42457, 17.70738, -7.99138]
						}
					}
				},
				"bone5": {
					"rotation": {
						"0.0": {
							"vector": [0, 0, -1.5]
						},
						"1.25": {
							"vector": [0, 0, 10.5]
						},
						"2.0": {
							"vector": [0, 0, -1.5]
						}
					}
				},
				"LowerLeftLeg2": {
					"rotation": {
						"0.0": {
							"vector": [32.35594, -6.69752, 13.26762]
						},
						"1.3333": {
							"vector": [32.05486, -10.85048, 4.1846]
						},
						"2.0": {
							"vector": [32.35594, -6.69752, 13.26762]
						}
					}
				},
				"LowerLeftLeg": {
					"rotation": {
						"0.0": {
							"vector": [54.95917, -7.89652, -16.24181]
						},
						"1.25": {
							"vector": [45.75072, -7.87426, -13.02482]
						},
						"2.0": {
							"vector": [54.95917, -7.89652, -16.24181]
						}
					}
				}
			}
		},
		"walk": {
			"loop": true,
			"animation_length": 2,
			"bones": {
				"full_body": {
					"rotation": {
						"0.0": {
							"vector": [0, 0, 0]
						},
						"1.0": {
							"vector": [5, 0, 0]
						},
						"2.0": {
							"vector": [0, 0, 0]
						}
					},
					"position": {
						"0.0": {
							"vector": [0, 11, 0]
						},
						"1.0": {
							"vector": [0, 17, 0]
						},
						"2.0": {
							"vector": [0, 11, 0]
						}
					}
				},
				"body": {
					"rotation": {
						"0.0": {
							"vector": [32.5, 0, 0]
						},
						"1.0": {
							"vector": [23.5, 0, 0]
						},
						"2.0": {
							"vector": [32.5, 0, 0]
						}
					}
				},
				"head": {
					"rotation": {
						"0.0": {
							"vector": [-25, 0, 0]
						},
						"1.25": {
							"vector": [-1.5, 0, 0]
						},
						"2.0": {
							"vector": [-25, 0, 0]
						}
					}
				},
				"RightWing": {
					"rotation": {
						"0.0": {
							"vector": [0, -15, -15]
						},
						"0.25": {
							"vector": [19.62239, -46.52294, -44.52633]
						},
						"0.5": {
							"vector": [0, -15, -15]
						},
						"0.75": {
							"vector": [19.62239, -46.52294, -44.52633]
						},
						"1.0": {
							"vector": [0, -15, -15]
						},
						"1.25": {
							"vector": [19.62239, -46.52294, -44.52633]
						},
						"1.5": {
							"vector": [0, -15, -15]
						},
						"1.75": {
							"vector": [19.62239, -46.52294, -44.52633]
						},
						"2.0": {
							"vector": [0, -15, -15]
						}
					}
				},
				"LeftWing": {
					"rotation": {
						"0.0": {
							"vector": [0, 12.5, 17.5]
						},
						"0.25": {
							"vector": [17.36556, 32.62188, 47.6175]
						},
						"0.5": {
							"vector": [0, 12.5, 17.5]
						},
						"0.75": {
							"vector": [17.36556, 32.62188, 47.6175]
						},
						"1.0": {
							"vector": [0, 12.5, 17.5]
						},
						"1.25": {
							"vector": [17.36556, 32.62188, 47.6175]
						},
						"1.5": {
							"vector": [0, 12.5, 17.5]
						},
						"1.75": {
							"vector": [17.36556, 32.62188, 47.6175]
						},
						"2.0": {
							"vector": [0, 12.5, 17.5]
						}
					}
				},
				"bone6": {
					"rotation": {
						"0.0": {
							"vector": [-11.20656, -6.00202, 7.9523]
						},
						"1.0": {
							"vector": [13.32824, 4.67715, 19.34432]
						},
						"2.0": {
							"vector": [-11.20656, -6.00202, 7.9523]
						}
					}
				},
				"bone7": {
					"rotation": {
						"0.0": {
							"vector": [0, 0, -1]
						},
						"1.25": {
							"vector": [-7.5, 0, -1]
						},
						"2.0": {
							"vector": [0, 0, -1]
						}
					}
				},
				"bone4": {
					"rotation": {
						"0.0": {
							"vector": [-5.54934, 15.06077, -10.49666]
						},
						"1.0": {
							"vector": [16.58995, -1.2774, -19.55709]
						},
						"2.0": {
							"vector": [-5.54934, 15.06077, -10.49666]
						}
					}
				},
				"bone5": {
					"rotation": {
						"0.0": {
							"vector": [0, 0, 3.5]
						},
						"1.25": {
							"vector": [-7.5, 0, 3.5]
						},
						"2.0": {
							"vector": [0, 0, 3.5]
						}
					}
				},
				"LowerLeftLeg2": {
					"rotation": {
						"0.0": {
							"vector": [26.48786, 0.45106, 10.22067]
						},
						"1.25": {
							"vector": [41.51083, 0.60374, 12.71611]
						},
						"2.0": {
							"vector": [26.48786, 0.45106, 10.22067]
						}
					}
				},
				"LowerLeftLeg": {
					"rotation": {
						"0.0": {
							"vector": [19.94444, -13.03445, -11.38101]
						},
						"1.0833": {
							"vector": [30.52452, -13.45857, -13.91214]
						},
						"2.0": {
							"vector": [19.94444, -13.03445, -11.38101]
						}
					}
				}
			}
		},
		"attack": {
			"loop": true,
			"animation_length": 2,
			"bones": {
				"full_body": {
					"position": {
						"0.0": {
							"vector": [0, 11, 0]
						},
						"1.0": {
							"vector": [0, 17, 0]
						},
						"2.0": {
							"vector": [0, 11, 0]
						}
					}
				},
				"body": {
					"rotation": {
						"0.0": {
							"vector": [5, 0, 0]
						},
						"1.0": {
							"vector": [-8.84546, 41.16005, -5.84807]
						},
						"1.125": {
							"vector": [15.53929, -32.14547, 5.06677]
						},
						"1.4167": {
							"vector": [15.53929, -32.14547, 5.06677]
						},
						"2.0": {
							"vector": [5, 0, 0]
						}
					}
				},
				"head": {
					"rotation": {
						"0.0": {
							"vector": [15, 0, 0]
						},
						"1.0": {
							"vector": [27.76205, -37.56831, -17.79383]
						},
						"1.125": {
							"vector": [25.81207, 20.91304, 9.79552]
						},