{
	"format_version": "1.8.0",
	"animations": {
		"idle": {
			"loop": true,
			"animation_length": 2,
			"bones": {
				"upperbody": {
					"rotation": {
						"0.0": {
							"vector": [-3, 0, 0]
						},
						"1.0": {
							"vector": [-0.99923, -0.03926, -2.24966]
						},
						"2.0": {
							"vector": [-3, 0, 0]
						}
					}
				},
				"head": {
					"rotation": {
						"0.0": {
							"vector": [7.5, 0, 0]
						},
						"1.25": {
							"vector": [10.40474, -2.06474, 2.92415]
						},
						"2.0": {
							"vector": [7.5, 0, 0]
						}
					}
				},
				"left_arm": {
					"rotation": {
						"0.0": {
							"vector": [7.5, 0, -15]
						},
						"1.0": {
							"vector": [5.08791, -1.55508, -5.59972]
						},
						"2.0": {
							"vector": [7.5, 0, -15]
						}
					}
				},
				"left_forearm": {
					"rotation": {
						"0.0": {
							"vector": [-7.39288, -1.2666, 10.33183]
						},
						"1.1667": {
							"vector": [-14.35034, 1.55868, 20.71577]
						},
						"2.0": {
							"vector": [-7.39288, -1.2666, 10.33183]
						}
					}
				},
				"right_arm": {
					"rotation": {
						"0.0": {
							"vector": [0, 0, 12.5]
						},
						"1.0": {
							"vector": [0, 0, 7.75]
						},
						"2.0": {
							"vector": [0, 0, 12.5]
						}
					}
				},
				"right_forearm": {
					"rotation": {
						"0.0": {
							"vector": [-7.29504, 1.74611, -11.61132]
						},
						"1.25": {
							"vector": [-7.49654, -0.22839, -26.73504]
						},
						"2.0": {
							"vector": [-7.29504, 1.74611, -11.61132]
						}
					}
				},
				"tentacle": {
					"rotation": {
						"0.0": {
							"vector": [38.88532, 0.90052, -1.4443]
						},
						"1.0": {
							"vector": [18.12076, -5.43607, -2.54335]
						},
						"2.0": {
							"vector": [38.88532, 0.90052, -1.4443]
						}
					}
				},
				"tentacle2": {
					"rotation": {
						"0.0": {
							"vector": [18, 0, 0]
						},
						"1.0": {
							"vector": [-9, 0, 0]
						},
						"2.0": {
							"vector": [18, 0, 0]
						}
					}
				},
				"tentacle3": {
					"rotation": {
						"0.0": {
							"vector": [16, 0, 0]
						},
						"1.0": {
							"vector": [-14, 0, 0]
						},
						"2.0": {
							"vector": [16, 0, 0]
						}
					}
				},
				"tentacle5": {
					"rotation": {
						"0.0": {
							"vector": [11, 0, 0]
						},
						"1.0": {
							"vector": [-2, 0, 0]
						},
						"1.9583": {
							"vector": [11, 0, 0]
						}
					}
				},
				"tentacle6": {
					"rotation": {
						"0.0": {
							"vector": [20, 0, 0]
						},
						"1.0833": {
							"vector": [-15, 0, 0]
						},
						"1.9583": {
							"vector": [20, 0, 0]
						}
					}
				},
				"tentacle31": {
					"rotation": {
						"0.0": {
							"vector": [46.70615, 11.51221, 22.51881]
						},
						"1.0": {
							"vector": [20.97585, 7.6085, 9.4901]
						},
						"2.0": {
							"vector": [46.70615, 11.51221, 22.51881]
						}
					}
				},
				"tentacle32": {
					"rotation": {
						"0.0": {
							"vector": [18, 0, 0]
						},
						"1.0": {
							"vector": [-9, 0, 0]
						},
						"2.0": {
							"vector": [18, 0, 0]
						}
					}
				},
				"tentacle35": {
					"rotation": {
						"0.0": {
							"vector": [11, 0, 0]
						},
						"1.0": {
							"vector": [-2, 0, 0]
						},
						"1.9583": {
							"vector": [11, 0, 0]
						}
					}
				},
				"tentacle25": {
					"rotation": {
						"0.0": {
							"vector": [0, -15, 0]
						},
						"1.0": {
							"vector": [0, -5, 0]
						},
						"2.0": {
							"vector": [0, -15, 0]
						}
					}
				},
				"tentacle7": {
					"rotation": {
						"0.0": {
							"vector": [0, 15, 0]
						},
						"1.0": {
							"vector": [0, 5, 0]
						},
						"2.0": {
							"vector": [0, 15, 0]
						}
					}
				},
				"tentacle8": {
					"rotation": {
						"0.0": {
							"vector": [0, 0, 0]
						},
						"1.0": {
							"vector": [0, 12.5, 0]
						},
						"2.0": {
							"vector": [0, 0, 0]
						}
					}
				},
				"tentacle13": {
					"rotation": {
						"0.0": {
							"vector": [46.70615, 11.51221, 22.51881]
						},
						"1.0": {
							"vector": [20.97585, 7.6085, 9.4901]
						},
						"2.0": {
							"vector": [46.70615, 11.51221, 22.51881]
						}
					}
				},
				"tentacle19": {
					"rotation": {
						"0.0": {
							"vector": [46.65649, -1.77037, -4.44127]
						},
						"1.0": {
							"vector": [20.97585, 7.6085, 9.4901]
						},
						"2.0": {
							"vector": [46.65649, -1.77037, -4.44127]
						}
					}
				},
				"tentacle37": {
					"rotation": {
						"0.0": {
							"vector": [38.88532, 0.90052, -1.4443]
						},
						"1.0": {
							"vector": [18.12076, -5.43607, -2.54335]
						},
						"2.0": {
							"vector": [38.88532, 0.90052, -1.4443]
						}
					}
				}
			}
		},
		"walk": {
			"loop": true,
			"animation_length": 2,
			"bones": {
				"silver-demon": {
					"rotation": {
						"0.0": {
							"vector": [0, 0, 0]
						},
						"0.5": {
							"vector": [-9.53861, -1.31199, -6.46378]
						},
						"1.0": {
							"vector": [0, 0, 0]
						},
						"1.5": {
							"vector": [-8, 0, 4]
						},
						"2.0": {
							"vector": [0, 0, 0]
						}
					},
					"position": {
						"0.0": {
							"vector": [0, 0, 0]
						},
						"0.5": {
							"vector": [0, 2.01, 0]
						},
						"1.0": {
							"vector": [0, 0, 0]
						},
						"1.5": {
							"vector": [0, 1.7, 0]
						},
						"2.0": {
							"vector": [0, 0, 0]
						}
					}
				},
				"upperbody": {
					"rotation": {
						"0.0": {
							"vector": [2, 0, 0]
						},
						"0.5": {
							"vector": [-5.28505, -1.36004, 2.95202]
						},
						"1.0": {
							"vector": [2, 0, 0]
						},
						"1.5": {
							"vector": [-5.28505, -1.36004, 2.95202]
						},
						"2.0": {
							"vector": [2, 0, 0]
						}
					}
				},
				"head": {
					"rotation": {
						"0.0": {
							"vector": [2, 0, 0]
						},
						"0.5": {
							"vector": [-5.28505, -1.36004, 2.95202]
						},
						"1.0": {
							"vector": [2, 0, 0]
						},
						"1.5": {
							"vector": [-5.28505, -1.36004, 2.95202]
						},
						"2.0": {
							"vector": [2, 0, 0]
						}
					}
				},
				"left_arm": {
					"rotation": {
						"0.0": {
							"vector": [-22.52545, 20.9041, -16.56603]
						},
						"1.0": {
							"vector": [20.43491, -21.21716, -14.10484]
						},
						"1.5": {
							"vector": [1.23542, -2.99014, -7.17393]
						},
						"2.0": {
							"vector": [-22.52545, 20.9041, -16.56603]
						}
					}
				},
				"left_forearm": {
					"rotation": {
						"0.0": {
							"vector": [-62.39288, -1.2666, 10.33183]
						},
						"1.0": {
							"vector": [0.10712, -1.2666, 10.33183]
						},
						"2.0": {
							"vector": [-62.39288, -1.2666, 10.33183]
						}
					}
				},
				"right_arm": {
					"rotation": {
						"0.0": {
							"vector": [16.42499, 17.95192, 18.16584]
						},
						"0.5": {
							"vector": [-4.99254, 2.66346, 2.00659]
						},
						"1.0": {
							"vector": [-20.41836, -7.42045, 11.62132]
						},
						"2.0": {
							"vector": [16.42499, 17.95192, 18.16584]
						}
					}
				},
				"right_forearm": {
					"rotation": {
						"0.0": {
							"vector": [5.20496, 1.74611, -11.61132]
						},
						"1.0": {
							"vector": [-59.79504, 1.74611, -11.61132]
						},
						"2.0": {
							"vector": [5.20496, 1.74611, -11.61132]
						}
					}
				},
				"left_leg": {
					"rotation": {
						"0.0": {
							"vector": [47.5, 0, 0]
						},
						"1.0": {
							"vector": [-27.5, 0, 0]
						},
						"1.5": {
							"vector": [5.89937, 1.26066, -4.79641]
						},
						"2.0": {
							"vector": [47.5, 0, 0]
						}
					},
					"position": {
						"0.0": {
							"vector": [0, 0, 0]
						},
						"0.5": {
							"vector": [0, 2.8, 0]
						},
						"1.0": {
							"vector": [0, 0, 0]
						}
					}
				},
				"lower_left_leg": {
					"rotation": {
						"0.0": {
							"vector": [0, 0, 0]
						},
						"1.0": {
							"vector": [7, 0, 0]
						},